date,tmax,tmin,tavg
1992-08-01,89.0,80.0,84.0
1992-08-02,87.0,80.0,84.0
1992-08-03,90.0,81.0,85.0
1992-08-04,89.0,81.0,85.0
1992-08-05,89.0,82.0,85.0
1992-08-06,89.0,82.0,85.0
1992-08-07,91.0,82.0,86.0
1992-08-09,88.0,78.0,84.0
1992-08-11,89.0,79.0,83.0
1992-08-13,90.0,79.0,84.0
1992-08-14,89.0,80.0,84.0
1992-08-16,87.0,79.0,84.0
1992-08-18,89.0,79.0,84.0
1992-08-19,89.0,82.0,85.0
1992-08-21,81.0,77.0,80.0
1992-08-22,85.0,78.0,81.0
1992-08-23,88.0,79.0,82.0
1992-08-24,87.0,79.0,81.0
1992-08-25,91.0,79.0,85.0
1992-08-27,90.0,80.0,84.0
1992-08-28,91.0,80.0,86.0
1992-08-29,94.0,79.0,90.0
1992-09-02,92.0,83.0,87.0
1992-09-03,93.0,83.0,88.0
1992-09-04,92.0,84.0,88.0
1992-09-06,81.0,76.0,79.0
1992-09-07,81.0,77.0,80.0
1992-09-08,89.0,78.0,82.0
1992-09-09,90.0,80.0,84.0
1992-09-11,89.0,77.0,83.0
1992-09-12,89.0,80.0,84.0
1992-09-13,90.0,80.0,84.0
1992-09-14,90.0,80.0,84.0
1992-09-15,91.0,81.0,85.0
1992-09-17,89.0,78.0,83.0
1992-09-18,86.0,80.0,82.0
1992-09-19,85.0,78.0,81.0
1992-09-20,88.0,77.0,83.0
1992-09-21,92.0,80.0,86.0
1992-09-22,91.0,81.0,85.0
1992-09-23,88.0,79.0,84.0
1992-09-24,92.0,80.0,84.0
1992-09-25,94.0,80.0,85.0
1992-09-27,84.0,75.0,79.0
1992-09-28,88.0,75.0,80.0
1992-09-29,86.0,76.0,79.0
1992-10-01,87.0,77.0,80.0
1992-10-03,90.0,76.0,83.0
1992-10-06,82.0,71.0,77.0
1992-10-07,83.0,73.0,78.0
1992-10-08,86.0,73.0,79.0
1992-10-09,85.0,74.0,77.0
1992-10-10,85.0,72.0,78.0
1992-10-12,84.0,72.0,76.0
1992-10-14,79.0,69.0,74.0
1992-10-15,81.0,70.0,75.0
1992-10-16,82.0,70.0,75.0
1992-10-17,81.0,69.0,75.0
1992-10-18,82.0,70.0,74.0
1992-10-19,82.0,69.0,74.0
1992-10-20,82.0,68.0,74.0
1992-10-21,81.0,68.0,74.0
1992-10-22,82.0,68.0,74.0
1992-10-24,81.0,68.0,73.0
1992-10-26,81.0,66.0,72.0
1992-10-27,82.0,67.0,73.0
1992-10-28,84.0,68.0,74.0
1992-10-30,87.0,69.0,76.0
1992-11-01,83.0,68.0,74.0
1992-11-03,81.0,66.0,72.0
1992-11-04,84.0,67.0,74.0
1992-11-05,84.0,70.0,74.0
1992-11-06,80.0,70.0,73.0
1992-11-10,68.0,54.0,61.0
1992-11-11,72.0,56.0,63.0
1992-11-12,78.0,60.0,67.0
1992-11-13,81.0,62.0,71.0
1992-11-15,75.0,65.0,70.0
1992-11-17,79.0,66.0,71.0
1992-11-18,80.0,68.0,72.0
1992-11-19,84.0,69.0,74.0
1992-11-21,69.0,56.0,63.0
1992-11-22,74.0,61.0,67.0
1992-11-24,80.0,63.0,69.0
1992-11-25,79.0,63.0,72.0
1992-11-27,73.0,60.0,64.0
1992-11-28,73.0,58.0,64.0
1992-11-29,75.0,60.0,67.0
1992-11-30,78.0,61.0,67.0
1992-12-01,77.0,62.0,68.0
1992-12-04,73.0,62.0,67.0
1992-12-05,79.0,64.0,70.0
1992-12-06,78.0,66.0,71.0
1992-12-07,79.0,67.0,73.0
1992-12-09,80.0,66.0,70.0
1992-12-10,81.0,66.0,71.0
1992-12-12,75.0,64.0,68.0
1992-12-13,71.0,65.0,67.0
1992-12-16,70.0,51.0,60.0
1992-12-17,73.0,57.0,64.0
1992-12-18,75.0,60.0,67.0
1992-12-19,79.0,63.0,69.0
1992-12-20,77.0,65.0,70.0
1992-12-21,84.0,66.0,72.0
1992-12-22,76.0,65.0,68.0
1992-12-24,61.0,54.0,59.0
1992-12-25,63.0,59.0,62.0
1992-12-27,74.0,64.0,68.0
1992-12-28,78.0,66.0,69.0
1993-01-01,71.0,58.0,63.0
1993-01-02,73.0,58.0,65.0
1993-01-03,72.0,61.0,65.0
1993-01-04,76.0,62.0,67.0
1993-01-06,70.0,62.0,66.0
1993-01-07,72.0,65.0,68.0
1993-01-09,77.0,63.0,68.0
1993-01-10,80.0,63.0,72.0
1993-01-12,72.0,63.0,66.0
1993-01-16,53.0,41.0,47.0
1993-01-19,53.0,45.0,50.0
1993-01-21,52.0,47.0,50.0
1993-01-24,57.0,44.0,51.0
1993-01-25,62.0,45.0,54.0
1993-01-26,63.0,49.0,56.0
1993-01-28,60.0,46.0,51.0
1993-01-29,64.0,46.0,56.0
1993-01-30,69.0,51.0,58.0
1993-01-31,69.0,52.0,60.0
1993-02-02,65.0,53.0,58.0
1993-02-03,71.0,54.0,62.0
1993-02-04,76.0,56.0,65.0
1993-02-08,68.0,59.0,63.0
1993-02-11,71.0,60.0,66.0
1993-02-13,71.0,57.0,63.0
1993-02-14,70.0,60.0,65.0
1993-02-15,74.0,62.0,67.0
1993-02-17,73.0,62.0,67.0
1993-02-18,67.0,63.0,65.0
1993-02-20,75.0,64.0,68.0
1993-02-21,75.0,66.0,70.0
1993-02-23,62.0,58.0,59.0
1993-02-24,67.0,58.0,61.0
1993-02-26,66.0,58.0,62.0
1993-02-27,70.0,62.0,66.0
1993-03-01,62.0,55.0,58.0
1993-03-02,64.0,56.0,60.0
1993-03-04,71.0,58.0,63.0
1993-03-05,70.0,62.0,65.0
1993-03-06,79.0,64.0,71.0
1993-03-08,69.0,62.0,64.0
1993-03-09,71.0,62.0,66.0
1993-03-10,73.0,63.0,66.0
1993-03-11,75.0,62.0,69.0
1993-03-13,67.0,62.0,64.0
1993-03-14,77.0,63.0,72.0
1993-03-15,82.0,69.0,75.0
1993-03-19,59.0,52.0,55.0
1993-03-20,59.0,54.0,57.0
1993-03-21,66.0,56.0,62.0
1993-03-22,69.0,62.0,66.0
1993-03-23,72.0,65.0,69.0
1993-03-24,81.0,67.0,75.0
1993-03-26,82.0,72.0,76.0
1993-03-27,81.0,74.0,77.0
1993-03-30,66.0,60.0,64.0
1993-03-31,71.0,63.0,67.0
1993-04-01,80.0,66.0,74.0
1993-04-02,79.0,72.0,76.0
1993-04-03,83.0,72.0,77.0
1993-04-08,64.0,57.0,61.0
1993-04-09,65.0,58.0,62.0
1993-04-10,71.0,62.0,66.0
1993-04-13,73.0,62.0,67.0
1993-04-14,76.0,64.0,69.0
1993-04-15,77.0,67.0,70.0
1993-04-16,80.0,68.0,74.0
1993-04-18,71.0,65.0,68.0
1993-04-19,73.0,67.0,70.0
1993-04-20,78.0,69.0,71.0
1993-04-22,81.0,69.0,76.0
1993-04-23,82.0,73.0,78.0
1993-04-24,84.0,76.0,80.0
1993-04-26,74.0,65.0,69.0
1993-04-27,80.0,68.0,76.0
1993-04-28,85.0,76.0,79.0
1993-04-30,79.0,68.0,75.0
1993-05-04,74.0,69.0,70.0
1993-05-05,77.0,69.0,74.0
1993-05-06,86.0,73.0,81.0
1993-05-07,86.0,77.0,81.0
1993-05-08,87.0,78.0,82.0
1993-05-10,82.0,71.0,77.0
1993-05-11,81.0,73.0,76.0
1993-05-13,87.0,77.0,82.0
1993-05-16,82.0,75.0,78.0
1993-05-17,86.0,76.0,80.0
1993-05-18,86.0,76.0,80.0
1993-05-19,87.0,77.0,81.0
1993-05-20,87.0,77.0,82.0
1993-05-21,89.0,79.0,83.0
1993-05-24,81.0,74.0,76.0
1993-05-25,79.0,74.0,77.0
1993-05-26,80.0,76.0,77.0
1993-05-27,85.0,76.0,81.0
1993-05-29,83.0,73.0,78.0
1993-05-30,85.0,74.0,81.0
1993-05-31,87.0,78.0,84.0
1993-06-04,85.0,62.0,82.0
1993-06-07,87.0,76.0,83.0
1993-06-10,79.0,76.0,78.0
1993-06-12,88.0,79.0,85.0
1993-06-13,88.0,80.0,84.0
1993-06-14,89.0,83.0,85.0
1993-06-17,84.0,76.0,83.0
1993-06-19,88.0,80.0,83.0
1993-06-21,89.0,80.0,84.0
1993-06-22,90.0,80.0,84.0
1993-06-23,88.0,80.0,84.0
1993-06-24,88.0,78.0,83.0
1993-06-26,89.0,78.0,86.0
1993-06-29,87.0,75.0,83.0
1993-06-30,87.0,81.0,83.0
1993-07-02,87.0,80.0,83.0
1993-07-03,88.0,81.0,84.0
1993-07-05,89.0,82.0,84.0
1993-07-06,90.0,81.0,84.0
1993-07-07,88.0,81.0,84.0
1993-07-09,90.0,80.0,85.0
1993-07-10,91.0,72.0,84.0
1993-07-11,88.0,76.0,82.0
1993-07-12,87.0,76.0,81.0
1993-07-14,89.0,74.0,83.0
1993-07-15,89.0,79.0,84.0
1993-07-16,90.0,81.0,85.0
1993-07-17,89.0,81.0,85.0
1993-07-18,89.0,82.0,85.0
1993-07-19,89.0,83.0,85.0
1993-07-22,89.0,75.0,84.0
1993-07-23,89.0,81.0,85.0
1993-07-24,89.0,81.0,85.0
1993-07-25,90.0,82.0,85.0
1993-07-26,89.0,82.0,85.0
1993-07-27,90.0,82.0,85.0
1993-07-28,90.0,69.0,86.0
1993-07-29,91.0,77.0,86.0
1993-08-01,87.0,78.0,82.0
1993-08-03,90.0,77.0,84.0
1993-08-04,89.0,81.0,84.0
1993-08-05,90.0,81.0,85.0
1993-08-06,90.0,81.0,85.0
1993-08-07,89.0,73.0,85.0
1993-08-08,89.0,78.0,85.0
1993-08-11,91.0,80.0,84.0
1993-08-12,89.0,80.0,83.0
1993-08-13,84.0,78.0,81.0
1993-08-14,88.0,79.0,83.0
1993-08-16,88.0,77.0,81.0
1993-08-17,85.0,77.0,80.0
1993-08-18,89.0,78.0,84.0
1993-08-20,81.0,77.0,79.0
1993-08-21,83.0,77.0,80.0
1993-08-22,86.0,78.0,81.0
1993-08-24,86.0,77.0,82.0
1993-08-25,91.0,79.0,84.0
1993-08-26,90.0,79.0,83.0
1993-08-27,91.0,80.0,84.0
1993-08-29,88.0,69.0,83.0
1993-08-31,87.0,78.0,81.0
1993-09-01,86.0,78.0,82.0
1993-09-02,87.0,78.0,83.0
1993-09-03,90.0,79.0,84.0
1993-09-04,88.0,79.0,83.0
1993-09-08,87.0,78.0,81.0
1993-09-11,88.0,77.0,82.0
1993-09-12,87.0,78.0,83.0
1993-09-14,88.0,77.0,82.0
1993-09-15,89.0,77.0,82.0
1993-09-18,85.0,76.0,80.0
1993-09-20,89.0,78.0,83.0
1993-09-21,91.0,78.0,83.0
1993-09-22,89.0,79.0,82.0
1993-09-24,77.0,61.0,76.0
1993-09-25,74.0,53.0,73.0
1993-09-27,84.0,75.0,79.0
1993-09-28,84.0,77.0,80.0
1993-09-29,85.0,77.0,81.0
1993-10-01,83.0,72.0,77.0
1993-10-02,78.0,73.0,75.0
1993-10-04,85.0,72.0,78.0
1993-10-05,84.0,75.0,79.0
1993-10-08,84.0,70.0,76.0
1993-10-09,84.0,72.0,77.0
1993-10-10,84.0,71.0,76.0
1993-10-11,83.0,72.0,77.0
1993-10-14,83.0,72.0,78.0
1993-10-15,83.0,75.0,78.0
1993-10-16,85.0,75.0,78.0
1993-10-19,81.0,71.0,74.0
1993-10-20,83.0,70.0,75.0
1993-10-21,83.0,72.0,76.0
1993-10-23,85.0,71.0,76.0
1993-10-24,81.0,72.0,75.0
1993-10-25,78.0,72.0,74.0
1993-10-26,83.0,72.0,76.0
1993-10-28,82.0,73.0,76.0
1993-10-31,74.0,61.0,67.0
1993-11-01,76.0,62.0,69.0
1993-11-02,78.0,64.0,72.0
1993-11-03,76.0,65.0,72.0
1993-11-04,73.0,60.0,72.0
1993-11-05,76.0,72.0,74.0
1993-11-07,86.0,73.0,77.0
1993-11-13,79.0,67.0,71.0
1993-11-14,80.0,68.0,72.0
1993-11-15,80.0,69.0,73.0
1993-11-16,80.0,71.0,74.0
1993-11-17,82.0,71.0,75.0
1993-11-18,78.0,69.0,73.0
1993-11-19,73.0,69.0,72.0
1993-11-22,66.0,51.0,62.0
1993-11-26,68.0,59.0,65.0
1993-11-27,74.0,62.0,67.0
1993-11-28,70.0,65.0,67.0
1993-11-29,76.0,64.0,70.0
1993-12-01,76.0,68.0,70.0
1993-12-02,76.0,69.0,70.0
1993-12-05,67.0,57.0,61.0
1993-12-06,69.0,56.0,62.0
1993-12-07,72.0,56.0,64.0
1993-12-08,71.0,59.0,65.0
1993-12-09,78.0,65.0,71.0
1993-12-11,71.0,63.0,66.0
1993-12-12,67.0,63.0,65.0
1993-12-15,56.0,51.0,54.0
1993-12-17,58.0,47.0,53.0
1993-12-18,58.0,50.0,55.0
1993-12-19,67.0,53.0,60.0
1993-12-22,63.0,49.0,55.0
1993-12-23,66.0,49.0,58.0
1993-12-24,69.0,53.0,61.0
1993-12-26,73.0,54.0,62.0
1993-12-27,70.0,55.0,61.0
1993-12-28,69.0,55.0,60.0
1993-12-29,72.0,56.0,64.0
1993-12-30,76.0,61.0,67.0
1994-01-01,67.0,57.0,60.0
1994-01-02,70.0,58.0,64.0
1994-01-03,77.0,61.0,67.0
1994-01-05,73.0,62.0,66.0
1994-01-06,81.0,61.0,68.0
1994-01-09,76.0,62.0,67.0
1994-01-12,72.0,61.0,64.0
1994-01-15,61.0,53.0,60.0
1994-01-17,79.0,64.0,71.0
1994-01-19,59.0,55.0,57.0
1994-01-21,59.0,45.0,51.0
1994-01-23,65.0,48.0,57.0
1994-01-24,66.0,53.0,58.0
1994-01-25,71.0,53.0,60.0
1994-01-28,72.0,55.0,62.0
1994-01-30,61.0,57.0,59.0
1994-01-31,75.0,58.0,67.0
1994-02-03,66.0,58.0,61.0
1994-02-04,68.0,60.0,65.0
1994-02-05,76.0,64.0,69.0
1994-02-08,75.0,62.0,68.0
1994-02-11,73.0,59.0,69.0
1994-02-13,59.0,57.0,58.0
1994-02-14,71.0,58.0,65.0
1994-02-20,69.0,56.0,61.0
1994-02-21,70.0,55.0,63.0
1994-02-22,65.0,60.0,62.0
1994-02-23,70.0,62.0,68.0
1994-02-25,57.0,54.0,56.0
1994-03-01,59.0,51.0,55.0
1994-03-02,60.0,53.0,55.0
1994-03-03,66.0,52.0,60.0
1994-03-04,67.0,56.0,62.0
1994-03-05,73.0,59.0,66.0
1994-03-06,71.0,63.0,66.0
1994-03-07,79.0,65.0,71.0
1994-03-12,74.0,61.0,68.0
1994-03-14,59.0,54.0,56.0
1994-03-15,60.0,53.0,58.0
1994-03-16,69.0,58.0,65.0
1994-03-18,66.0,59.0,62.0
1994-03-19,66.0,56.0,60.0
1994-03-20,69.0,56.0,64.0
1994-03-21,67.0,60.0,64.0
1994-03-23,72.0,60.0,65.0
1994-03-27,68.0,59.0,63.0
1994-03-28,73.0,61.0,67.0
1994-03-30,73.0,65.0,67.0
1994-04-01,79.0,65.0,71.0
1994-04-02,81.0,67.0,72.0
1994-04-04,82.0,68.0,74.0
1994-04-05,82.0,69.0,75.0
1994-04-06,85.0,70.0,75.0
1994-04-07,84.0,70.0,76.0
1994-04-08,83.0,71.0,76.0
1994-04-10,72.0,67.0,70.0
1994-04-11,78.0,69.0,73.0
1994-04-14,67.0,63.0,66.0
1994-04-15,78.0,65.0,71.0
1994-04-16,78.0,70.0,72.0
1994-04-17,81.0,70.0,75.0
1994-04-18,85.0,73.0,77.0
1994-04-19,85.0,73.0,79.0
1994-04-20,87.0,76.0,81.0
1994-04-22,86.0,73.0,79.0
1994-04-23,88.0,75.0,80.0
1994-04-24,88.0,77.0,82.0
1994-04-25,88.0,80.0,83.0
1994-04-30,89.0,76.0,82.0
1994-05-01,89.0,78.0,82.0
1994-05-02,87.0,80.0,83.0
1994-05-05,82.0,70.0,75.0
1994-05-06,82.0,71.0,75.0
1994-05-07,83.0,72.0,76.0
1994-05-08,86.0,73.0,79.0
1994-05-09,83.0,75.0,79.0
1994-05-10,88.0,77.0,82.0
1994-05-11,89.0,79.0,81.0
1994-05-13,88.0,78.0,83.0
1994-05-14,89.0,81.0,85.0
1994-05-16,91.0,80.0,85.0
1994-05-19,82.0,75.0,78.0
1994-05-20,83.0,75.0,78.0
1994-05-21,87.0,76.0,81.0
1994-05-22,88.0,78.0,82.0
1994-05-23,90.0,78.0,83.0
1994-05-24,89.0,79.0,84.0
1994-05-25,89.0,80.0,84.0
1994-05-26,90.0,81.0,85.0
1994-05-27,91.0,70.0,83.0
1994-05-28,80.0,76.0,78.0
1994-05-29,88.0,77.0,82.0
1994-05-31,80.0,75.0,78.0
1994-06-02,85.0,76.0,80.0
1994-06-04,81.0,74.0,78.0
1994-06-05,91.0,78.0,83.0
1994-06-08,82.0,77.0,79.0
1994-06-09,84.0,78.0,82.0
1994-06-11,84.0,79.0,81.0
1994-06-13,86.0,81.0,83.0
1994-06-14,85.0,81.0,83.0
1994-06-16,86.0,80.0,83.0
1994-06-19,80.0,75.0,78.0
1994-06-21,86.0,77.0,81.0
1994-06-22,88.0,78.0,83.0
1994-06-23,89.0,78.0,83.0
1994-06-26,88.0,79.0,83.0
1994-06-27,89.0,80.0,84.0
1994-06-28,90.0,71.0,85.0
1994-06-29,89.0,80.0,84.0
1994-06-30,90.0,80.0,85.0
1994-07-01,91.0,81.0,86.0
1994-07-02,92.0,82.0,87.0
1994-07-05,84.0,75.0,80.0
1994-07-07,87.0,77.0,81.0
1994-07-09,89.0,79.0,85.0
1994-07-10,94.0,81.0,88.0
1994-07-12,89.0,72.0,83.0
1994-07-14,86.0,75.0,79.0
1994-07-15,83.0,76.0,79.0
1994-07-16,90.0,77.0,83.0
1994-07-18,89.0,79.0,83.0
1994-07-19,89.0,79.0,84.0
1994-07-24,77.0,55.0,76.0
1994-07-25,81.0,75.0,78.0
1994-07-26,86.0,77.0,79.0
1994-07-27,86.0,77.0,81.0
1994-07-28,87.0,78.0,81.0
1994-07-29,87.0,78.0,83.0
1994-07-30,87.0,80.0,83.0
1994-08-01,90.0,80.0,84.0
1994-08-02,90.0,80.0,84.0
1994-08-05,85.0,76.0,82.0
1994-08-06,84.0,77.0,81.0
1994-08-08,84.0,76.0,80.0
1994-08-09,83.0,77.0,80.0
1994-08-10,85.0,76.0,83.0
1994-08-11,88.0,81.0,84.0
1994-08-14,86.0,75.0,81.0
1994-08-15,80.0,76.0,79.0
1994-08-16,78.0,54.0,76.0
1994-08-18,87.0,75.0,82.0
1994-08-19,89.0,79.0,83.0
1994-08-22,89.0,78.0,83.0
1994-08-23,90.0,80.0,84.0
1994-08-25,90.0,80.0,84.0
1994-08-27,82.0,75.0,80.0
1994-08-29,88.0,76.0,83.0
1994-08-30,89.0,79.0,83.0
1994-08-31,90.0,79.0,83.0
1994-09-01,89.0,79.0,84.0
1994-09-03,87.0,79.0,83.0
1994-09-05,87.0,77.0,80.0
1994-09-06,88.0,78.0,82.0
1994-09-07,89.0,77.0,83.0
1994-09-09,89.0,79.0,84.0
1994-09-12,81.0,76.0,78.0
1994-09-14,82.0,75.0,79.0
1994-09-15,84.0,77.0,79.0
1994-09-18,78.0,73.0,75.0
1994-09-19,86.0,74.0,79.0
1994-09-20,85.0,75.0,80.0
1994-09-22,88.0,78.0,83.0
1994-09-24,83.0,74.0,77.0
1994-09-25,84.0,75.0,78.0
1994-09-26,86.0,75.0,78.0
1994-09-28,81.0,73.0,77.0
1994-09-29,86.0,74.0,79.0
1994-10-01,86.0,73.0,79.0
1994-10-02,84.0,74.0,78.0
1994-10-04,85.0,74.0,79.0
1994-10-05,86.0,75.0,79.0
1994-10-06,83.0,76.0,77.0
1994-10-07,86.0,76.0,79.0
1994-10-08,86.0,76.0,79.0
1994-10-09,89.0,76.0,83.0
1994-10-12,86.0,74.0,79.0
1994-10-13,87.0,76.0,80.0
1994-10-14,85.0,76.0,79.0
1994-10-15,85.0,77.0,80.0
1994-10-17,90.0,77.0,82.0
1994-10-22,73.0,60.0,67.0
1994-10-23,76.0,62.0,69.0
1994-10-24,77.0,64.0,70.0
1994-10-25,80.0,65.0,72.0
1994-10-26,79.0,68.0,73.0
1994-10-27,82.0,69.0,74.0
1994-10-28,83.0,69.0,75.0
1994-10-31,77.0,64.0,70.0
1994-11-01,78.0,67.0,71.0
1994-11-02,81.0,66.0,71.0
1994-11-03,82.0,67.0,73.0
1994-11-04,81.0,68.0,73.0
1994-11-06,82.0,66.0,73.0
1994-11-07,83.0,67.0,74.0
1994-11-08,79.0,68.0,71.0
1994-11-10,84.0,66.0,73.0
1994-11-11,82.0,68.0,73.0
1994-11-12,82.0,68.0,73.0
1994-11-13,82.0,69.0,75.0
1994-11-15,85.0,71.0,75.0
1994-11-16,84.0,71.0,75.0
1994-11-18,84.0,69.0,74.0
1994-11-19,81.0,70.0,74.0
1994-11-22,80.0,67.0,71.0
1994-11-23,77.0,67.0,71.0
1994-11-24,81.0,68.0,71.0
1994-11-25,80.0,68.0,72.0
1994-11-26,82.0,67.0,72.0
1994-11-27,79.0,67.0,71.0
1994-11-28,82.0,68.0,74.0
1994-11-29,81.0,71.0,74.0
1994-11-30,76.0,71.0,72.0
1994-12-01,82.0,71.0,74.0
1994-12-05,75.0,61.0,67.0
1994-12-06,74.0,65.0,69.0
1994-12-07,76.0,66.0,71.0
1994-12-10,79.0,71.0,73.0
1994-12-11,78.0,72.0,74.0
1994-12-13,64.0,61.0,62.0
1994-12-14,71.0,62.0,66.0
1994-12-16,73.0,62.0,66.0
1994-12-18,68.0,59.0,64.0
1994-12-19,67.0,60.0,64.0
1994-12-21,63.0,55.0,59.0
1994-12-22,69.0,55.0,62.0
1994-12-23,73.0,59.0,67.0
1994-12-25,68.0,63.0,65.0
1994-12-26,68.0,64.0,66.0
1994-12-28,69.0,62.0,65.0
1994-12-29,70.0,61.0,65.0
1994-12-30,68.0,62.0,66.0
1995-01-01,67.0,60.0,62.0
1995-01-02,65.0,60.0,62.0
1995-01-05,63.0,49.0,55.0
1995-01-06,65.0,50.0,56.0
1995-01-07,71.0,52.0,61.0
1995-01-08,75.0,57.0,65.0
1995-01-09,76.0,60.0,66.0
1995-01-10,68.0,62.0,64.0
1995-01-14,62.0,57.0,58.0
1995-01-15,65.0,57.0,60.0
1995-01-16,68.0,58.0,61.0
1995-01-17,67.0,57.0,62.0
1995-01-18,69.0,60.0,65.0
1995-01-21,73.0,62.0,67.0
1995-01-22,78.0,65.0,70.0
1995-01-24,59.0,56.0,57.0
1995-01-25,68.0,56.0,62.0
1995-01-29,57.0,50.0,54.0
1995-01-31,58.0,48.0,55.0
1995-02-01,61.0,52.0,56.0
1995-02-03,62.0,26.0,56.0
1995-02-04,62.0,50.0,56.0
1995-02-06,63.0,48.0,56.0
1995-02-07,67.0,52.0,58.0
1995-02-08,71.0,54.0,63.0
1995-02-09,70.0,57.0,63.0
1995-02-10,68.0,58.0,62.0
1995-02-11,70.0,58.0,62.0
1995-02-12,74.0,57.0,65.0
1995-02-13,74.0,61.0,65.0
1995-02-15,60.0,56.0,59.0
1995-02-17,62.0,57.0,58.0
1995-02-18,66.0,57.0,63.0
1995-02-22,59.0,55.0,57.0
1995-02-23,61.0,55.0,57.0
1995-02-24,62.0,56.0,59.0
1995-02-27,59.0,53.0,57.0
1995-03-05,65.0,55.0,59.0
1995-03-06,65.0,56.0,60.0
1995-03-07,74.0,59.0,66.0
1995-03-08,73.0,62.0,66.0
1995-03-09,74.0,63.0,68.0
1995-03-11,66.0,60.0,62.0
1995-03-14,64.0,57.0,61.0
1995-03-15,72.0,60.0,66.0
1995-03-16,76.0,66.0,71.0
1995-03-18,59.0,53.0,57.0
1995-03-19,63.0,58.0,60.0
1995-03-20,65.0,59.0,62.0
1995-03-21,78.0,60.0,68.0
1995-03-22,75.0,63.0,69.0
1995-03-23,76.0,66.0,70.0
1995-03-24,79.0,68.0,72.0
1995-03-26,69.0,56.0,61.0
1995-03-28,68.0,61.0,65.0
1995-03-29,72.0,64.0,69.0
1995-03-30,74.0,68.0,72.0
1995-04-03,65.0,57.0,60.0
1995-04-04,63.0,58.0,60.0
1995-04-05,68.0,60.0,65.0
1995-04-06,71.0,64.0,67.0
1995-04-08,76.0,63.0,70.0
1995-04-11,77.0,67.0,71.0
1995-04-13,78.0,66.0,74.0
1995-04-14,80.0,73.0,78.0
1995-04-16,85.0,75.0,79.0
1995-04-18,83.0,73.0,77.0
1995-04-20,72.0,63.0,68.0
1995-04-21,79.0,67.0,73.0
1995-04-22,85.0,71.0,79.0
1995-04-25,85.0,72.0,78.0
1995-04-27,82.0,70.0,75.0
1995-04-28,84.0,72.0,77.0
1995-04-29,85.0,74.0,78.0
1995-05-01,87.0,76.0,81.0
1995-05-03,86.0,76.0,80.0
1995-05-05,74.0,68.0,71.0
1995-05-06,81.0,69.0,75.0
1995-05-08,81.0,72.0,74.0
1995-05-10,86.0,72.0,77.0
1995-05-11,76.0,73.0,74.0
1995-05-13,83.0,72.0,76.0
1995-05-14,85.0,74.0,80.0
1995-05-16,72.0,69.0,71.0
1995-05-17,79.0,70.0,74.0
1995-05-18,82.0,72.0,78.0
1995-05-19,88.0,77.0,83.0
1995-05-20,89.0,81.0,84.0
1995-05-23,79.0,72.0,74.0
1995-05-24,82.0,72.0,77.0
1995-05-25,87.0,75.0,81.0
1995-05-26,91.0,79.0,84.0
1995-05-28,89.0,80.0,83.0
1995-05-29,90.0,80.0,84.0
1995-05-30,92.0,79.0,85.0
1995-05-31,88.0,81.0,83.0
1995-06-02,90.0,79.0,83.0
1995-06-03,92.0,80.0,84.0
1995-06-04,92.0,80.0,85.0
1995-06-05,85.0,79.0,81.0
1995-06-07,83.0,77.0,80.0
1995-06-09,85.0,76.0,81.0
1995-06-12,89.0,76.0,81.0
1995-06-13,89.0,77.0,83.0
1995-06-14,88.0,78.0,81.0
1995-06-15,87.0,80.0,84.0
1995-06-17,87.0,81.0,84.0
1995-06-18,87.0,77.0,82.0
1995-06-19,89.0,81.0,84.0
1995-06-21,89.0,71.0,85.0
1995-06-22,89.0,83.0,85.0
1995-06-23,90.0,83.0,85.0
1995-06-24,91.0,83.0,85.0
1995-06-28,89.0,81.0,83.0
1995-06-29,90.0,81.0,84.0
1995-06-30,90.0,79.0,83.0
1995-07-01,89.0,78.0,83.0
1995-07-02,82.0,78.0,80.0
1995-07-03,83.0,77.0,79.0
1995-07-05,87.0,76.0,82.0
1995-07-06,89.0,78.0,83.0
1995-07-07,90.0,72.0,84.0
1995-07-08,90.0,76.0,82.0
1995-07-09,86.0,77.0,81.0
1995-07-10,89.0,81.0,84.0
1995-07-11,90.0,81.0,85.0
1995-07-12,87.0,76.0,81.0
1995-07-15,78.0,57.0,76.0
1995-07-16,87.0,75.0,80.0
1995-07-17,89.0,78.0,83.0
1995-07-18,89.0,80.0,84.0
1995-07-19,90.0,81.0,85.0
1995-07-20,90.0,81.0,85.0
1995-07-21,90.0,82.0,85.0
1995-07-22,92.0,83.0,86.0
1995-07-23,91.0,83.0,86.0
1995-07-25,86.0,76.0,80.0
1995-07-27,78.0,74.0,76.0
1995-07-28,87.0,68.0,82.0
1995-07-29,89.0,80.0,84.0
1995-07-30,91.0,81.0,84.0
1995-08-01,87.0,80.0,83.0
1995-08-04,79.0,73.0,77.0
1995-08-05,79.0,75.0,77.0
1995-08-06,82.0,76.0,78.0
1995-08-07,84.0,76.0,80.0
1995-08-08,86.0,78.0,81.0
1995-08-09,88.0,77.0,83.0
1995-08-10,92.0,75.0,85.0
1995-08-13,86.0,73.0,82.0
1995-08-15,84.0,73.0,80.0
1995-08-17,87.0,76.0,81.0
1995-08-18,88.0,68.0,82.0
1995-08-19,87.0,78.0,82.0
1995-08-20,90.0,79.0,83.0
1995-08-21,90.0,72.0,84.0
1995-08-22,90.0,78.0,84.0
1995-08-23,90.0,79.0,84.0
1995-08-27,84.0,75.0,78.0
1995-08-28,85.0,76.0,81.0
1995-08-29,88.0,77.0,82.0
1995-08-30,89.0,79.0,84.0
1995-09-01,86.0,75.0,81.0
1995-09-02,86.0,78.0,81.0
1995-09-03,90.0,79.0,83.0
1995-09-04,90.0,79.0,84.0
1995-09-05,93.0,81.0,86.0
1995-09-06,87.0,77.0,82.0
1995-09-07,88.0,80.0,83.0
1995-09-08,90.0,80.0,83.0
1995-09-09,91.0,80.0,85.0
1995-09-10,92.0,78.0,85.0
1995-09-11,91.0,80.0,85.0
1995-09-12,90.0,80.0,83.0
1995-09-14,89.0,79.0,83.0
1995-09-15,89.0,79.0,84.0
1995-09-17,86.0,75.0,80.0
1995-09-21,80.0,72.0,77.0
1995-09-22,87.0,74.0,79.0
1995-09-23,87.0,74.0,80.0
1995-09-24,88.0,74.0,80.0
1995-09-25,86.0,76.0,79.0
1995-09-26,87.0,76.0,81.0
1995-09-27,85.0,77.0,81.0
1995-09-29,87.0,77.0,81.0
1995-10-01,88.0,77.0,82.0
1995-10-03,81.0,74.0,80.0
1995-10-04,88.0,78.0,81.0
1995-10-05,80.0,76.0,77.0
1995-10-07,84.0,73.0,78.0
1995-10-08,86.0,73.0,79.0
1995-10-10,85.0,74.0,79.0
1995-10-11,80.0,74.0,78.0
1995-10-12,79.0,76.0,77.0
1995-10-13,79.0,76.0,77.0
1995-10-14,79.0,75.0,76.0
1995-10-16,83.0,72.0,78.0
1995-10-17,81.0,73.0,76.0
1995-10-18,83.0,74.0,76.0
1995-10-19,82.0,73.0,77.0
1995-10-20,84.0,74.0,78.0
1995-10-23,85.0,73.0,78.0
1995-10-26,78.0,69.0,74.0
1995-10-28,83.0,72.0,76.0
1995-10-29,83.0,72.0,76.0
1995-10-30,83.0,72.0,76.0
1995-11-02,77.0,66.0,71.0
1995-11-03,78.0,65.0,71.0
1995-11-04,80.0,67.0,74.0
1995-11-05,73.0,71.0,72.0
1995-11-06,77.0,72.0,74.0
1995-11-09,80.0,66.0,71.0
1995-11-10,81.0,67.0,74.0
1995-11-11,76.0,66.0,71.0
1995-11-12,78.0,67.0,72.0
1995-11-13,81.0,69.0,74.0
1995-11-15,69.0,59.0,64.0
1995-11-16,75.0,61.0,67.0
1995-11-17,78.0,64.0,71.0
1995-11-21,73.0,62.0,66.0
1995-11-22,74.0,62.0,68.0
1995-11-24,66.0,57.0,60.0
1995-11-25,70.0,56.0,64.0
1995-11-26,76.0,60.0,68.0
1995-11-27,77.0,64.0,69.0
1995-11-28,74.0,66.0,68.0
1995-11-29,75.0,66.0,69.0
1995-12-04,71.0,54.0,64.0
1995-12-07,67.0,54.0,60.0
1995-12-08,67.0,53.0,59.0
1995-12-09,66.0,52.0,59.0
1995-12-10,69.0,57.0,63.0
1995-12-11,73.0,59.0,65.0
1995-12-12,76.0,59.0,67.0
1995-12-13,74.0,61.0,67.0
1995-12-14,70.0,41.0,68.0
1995-12-15,69.0,63.0,66.0
1995-12-19,69.0,56.0,62.0
1995-12-21,69.0,56.0,62.0
1995-12-22,69.0,57.0,62.0
1995-12-23,72.0,58.0,65.0
1995-12-26,64.0,52.0,58.0
1995-12-27,68.0,53.0,60.0
1995-12-28,67.0,53.0,60.0
1995-12-29,68.0,52.0,60.0
1995-12-30,67.0,52.0,58.0
1995-12-31,69.0,52.0,60.0
1996-01-01,72.0,55.0,62.0
1996-01-02,72.0,54.0,63.0
1996-01-03,76.0,57.0,65.0
1996-01-04,67.0,58.0,63.0
1996-01-05,73.0,62.0,68.0
1996-01-06,75.0,67.0,69.0
1996-01-09,63.0,53.0,58.0
1996-01-10,70.0,56.0,62.0
1996-01-11,66.0,59.0,63.0
1996-01-12,64.0,60.0,63.0
1996-01-14,75.0,60.0,67.0
1996-01-17,67.0,60.0,64.0
1996-01-20,68.0,57.0,63.0
1996-01-21,67.0,61.0,65.0
1996-01-23,71.0,60.0,64.0
1996-01-24,67.0,62.0,63.0
1996-01-27,62.0,52.0,57.0
1996-01-28,64.0,55.0,60.0
1996-01-30,64.0,58.0,61.0
1996-02-01,68.0,54.0,61.0
1996-02-02,67.0,54.0,59.0
1996-02-03,62.0,54.0,58.0
1996-02-04,70.0,54.0,63.0
1996-02-07,67.0,54.0,62.0
1996-02-08,73.0,61.0,66.0
1996-02-10,66.0,53.0,58.0
1996-02-11,69.0,54.0,61.0
1996-02-12,71.0,59.0,66.0
1996-02-13,74.0,63.0,69.0
1996-02-14,74.0,66.0,71.0
1996-02-15,80.0,69.0,73.0
1996-02-19,47.0,43.0,45.0
1996-02-22,50.0,44.0,48.0
1996-02-23,51.0,46.0,49.0
1996-02-25,57.0,50.0,55.0
1996-02-26,57.0,53.0,54.0
1996-02-28,60.0,50.0,58.0
1996-03-02,69.0,56.0,62.0
1996-03-03,70.0,57.0,63.0
1996-03-04,74.0,59.0,65.0
1996-03-05,73.0,60.0,66.0
1996-03-06,77.0,62.0,69.0
1996-03-07,80.0,67.0,71.0
1996-03-10,57.0,51.0,52.0
1996-03-11,60.0,51.0,57.0
1996-03-15,79.0,70.0,76.0
1996-03-16,80.0,74.0,77.0
1996-03-19,63.0,60.0,62.0
1996-03-20,65.0,61.0,63.0
1996-03-23,68.0,62.0,65.0
1996-03-24,75.0,64.0,69.0
1996-03-27,75.0,63.0,69.0
1996-03-28,71.0,65.0,67.0
1996-03-30,80.0,69.0,76.0
1996-03-31,81.0,76.0,78.0
1996-04-03,54.0,50.0,52.0
1996-04-06,73.0,63.0,69.0
1996-04-09,66.0,64.0,65.0
1996-04-12,64.0,61.0,63.0
1996-04-13,70.0,62.0,65.0
1996-04-14,73.0,63.0,69.0
1996-04-15,73.0,67.0,69.0
1996-04-16,78.0,67.0,73.0
1996-04-17,79.0,71.0,75.0
1996-04-18,81.0,74.0,77.0
1996-04-20,71.0,63.0,66.0
1996-04-23,74.0,60.0,67.0
1996-04-24,75.0,63.0,70.0
1996-04-25,80.0,67.0,73.0
1996-04-26,81.0,68.0,74.0
1996-04-27,80.0,70.0,75.0
1996-04-28,81.0,72.0,75.0
1996-04-29,83.0,72.0,77.0
1996-05-01,78.0,71.0,76.0
1996-05-03,79.0,72.0,75.0
1996-05-04,85.0,74.0,78.0
1996-05-06,72.0,66.0,71.0
1996-05-07,83.0,71.0,78.0
1996-05-10,76.0,67.0,72.0
1996-05-12,80.0,69.0,74.0
1996-05-13,81.0,71.0,75.0
1996-05-14,80.0,70.0,74.0
1996-05-15,80.0,71.0,75.0
1996-05-16,82.0,72.0,76.0
1996-05-19,81.0,70.0,76.0
1996-05-20,85.0,72.0,80.0
1996-05-21,85.0,75.0,79.0
1996-05-22,86.0,74.0,79.0
1996-05-23,83.0,76.0,79.0
1996-05-24,85.0,76.0,79.0
1996-05-26,80.0,74.0,76.0
1996-05-27,81.0,75.0,78.0
1996-05-29,81.0,74.0,77.0
1996-05-30,84.0,74.0,80.0
1996-05-31,85.0,78.0,81.0
1996-06-01,87.0,79.0,82.0
1996-06-02,87.0,78.0,83.0
1996-06-03,88.0,81.0,84.0
1996-06-04,89.0,81.0,84.0
1996-06-05,88.0,81.0,84.0
1996-06-06,89.0,81.0,85.0
1996-06-07,91.0,81.0,85.0
1996-06-10,89.0,78.0,83.0
1996-06-11,90.0,80.0,85.0
1996-06-13,89.0,80.0,83.0
1996-06-16,82.0,77.0,79.0
1996-06-17,88.0,77.0,83.0
1996-06-18,86.0,80.0,82.0
1996-06-20,88.0,79.0,84.0
1996-06-24,84.0,75.0,83.0
1996-06-25,87.0,81.0,83.0
1996-06-28,87.0,78.0,83.0
1996-06-29,85.0,81.0,83.0
1996-06-30,88.0,80.0,84.0
1996-07-01,88.0,82.0,84.0
1996-07-03,89.0,79.0,83.0
1996-07-04,90.0,80.0,85.0
1996-07-05,89.0,81.0,84.0
1996-07-06,89.0,80.0,85.0
1996-07-08,89.0,71.0,84.0
1996-07-09,90.0,81.0,85.0
1996-07-10,90.0,80.0,86.0
1996-07-11,89.0,81.0,84.0
1996-07-13,89.0,79.0,84.0
1996-07-14,89.0,80.0,85.0
1996-07-15,90.0,82.0,85.0
1996-07-16,88.0,80.0,84.0
1996-07-17,91.0,82.0,86.0
1996-07-19,85.0,78.0,82.0
1996-07-20,89.0,81.0,85.0
1996-07-22,87.0,78.0,81.0
1996-07-23,83.0,77.0,81.0
1996-07-24,89.0,80.0,84.0
1996-07-25,92.0,72.0,86.0
1996-07-29,87.0,77.0,82.0
1996-07-30,85.0,78.0,81.0
1996-07-31,90.0,79.0,85.0
1996-08-01,91.0,84.0,87.0
1996-08-04,85.0,80.0,81.0
1996-08-05,87.0,78.0,83.0
1996-08-06,90.0,80.0,85.0
1996-08-09,89.0,81.0,84.0
1996-08-12,89.0,80.0,84.0
1996-08-14,85.0,77.0,80.0
1996-08-16,81.0,76.0,78.0
1996-08-18,81.0,72.0,78.0
1996-08-19,87.0,77.0,82.0
1996-08-20,90.0,78.0,84.0
1996-08-22,89.0,79.0,83.0
1996-08-23,86.0,80.0,83.0
1996-08-25,84.0,74.0,79.0
1996-08-26,87.0,78.0,81.0
1996-08-27,89.0,79.0,84.0
1996-08-28,89.0,80.0,84.0
1996-08-29,89.0,81.0,84.0
1996-08-31,89.0,76.0,83.0
1996-09-01,90.0,69.0,84.0
1996-09-05,87.0,76.0,82.0
1996-09-06,88.0,80.0,83.0
1996-09-07,88.0,80.0,83.0
1996-09-09,85.0,75.0,82.0
1996-09-10,89.0,79.0,84.0
1996-09-11,89.0,81.0,84.0
1996-09-15,82.0,74.0,80.0
1996-09-17,86.0,79.0,82.0
1996-09-19,85.0,78.0,80.0
1996-09-20,83.0,78.0,80.0
1996-09-22,83.0,76.0,80.0
1996-09-24,80.0,75.0,77.0
1996-09-25,81.0,74.0,78.0
1996-09-26,86.0,77.0,80.0
1996-09-28,85.0,75.0,80.0
1996-09-29,86.0,74.0,81.0
1996-09-30,87.0,76.0,80.0
1996-10-01,84.0,75.0,78.0
1996-10-02,83.0,76.0,79.0
1996-10-03,87.0,77.0,81.0
1996-10-05,85.0,76.0,80.0
1996-10-06,86.0,75.0,80.0
1996-10-07,88.0,78.0,82.0
1996-10-09,79.0,73.0,76.0
1996-10-10,84.0,73.0,78.0
1996-10-11,84.0,74.0,79.0
1996-10-13,85.0,74.0,79.0
1996-10-16,81.0,74.0,77.0
1996-10-17,83.0,74.0,77.0
1996-10-18,85.0,74.0,78.0
1996-10-19,83.0,74.0,78.0
1996-10-21,80.0,68.0,75.0
1996-10-22,83.0,73.0,78.0
1996-10-24,85.0,73.0,78.0
1996-10-27,80.0,68.0,74.0
1996-10-28,85.0,71.0,76.0
1996-10-29,82.0,73.0,78.0
1996-10-31,87.0,74.0,80.0
1996-11-01,88.0,76.0,81.0
1996-11-03,79.0,72.0,76.0
1996-11-04,83.0,74.0,77.0
1996-11-06,83.0,74.0,78.0
1996-11-07,86.0,74.0,78.0
1996-11-10,81.0,69.0,74.0
1996-11-11,80.0,70.0,74.0
1996-11-12,77.0,67.0,72.0
1996-11-14,76.0,66.0,70.0
1996-11-15,76.0,67.0,71.0
1996-11-16,71.0,64.0,68.0
1996-11-18,65.0,59.0,62.0
1996-11-19,71.0,61.0,66.0
1996-11-20,74.0,64.0,69.0
1996-11-21,78.0,66.0,72.0
1996-11-23,80.0,67.0,72.0
1996-11-24,78.0,68.0,71.0
1996-11-26,83.0,69.0,74.0
1996-11-30,71.0,59.0,65.0
1996-12-01,70.0,59.0,64.0
1996-12-02,63.0,61.0,62.0
1996-12-03,69.0,61.0,66.0
1996-12-04,75.0,66.0,70.0
1996-12-06,65.0,54.0,59.0
1996-12-07,67.0,55.0,61.0
1996-12-08,67.0,59.0,62.0
1996-12-10,68.0,58.0,62.0
1996-12-11,73.0,59.0,65.0
1996-12-13,73.0,59.0,65.0
1996-12-14,73.0,60.0,65.0
1996-12-15,71.0,61.0,66.0
1996-12-16,76.0,64.0,69.0
1996-12-19,70.0,59.0,62.0
1996-12-20,69.0,56.0,61.0
1996-12-21,72.0,56.0,62.0
1996-12-22,73.0,58.0,64.0
1996-12-23,71.0,58.0,64.0
1996-12-24,71.0,58.0,63.0
1996-12-25,73.0,58.0,65.0
1996-12-28,72.0,62.0,66.0
1996-12-30,75.0,60.0,66.0
1997-01-01,74.0,60.0,68.0
1997-01-04,66.0,60.0,63.0
1997-01-06,64.0,55.0,59.0
1997-01-09,59.0,49.0,54.0
1997-01-11,68.0,51.0,59.0
1997-01-12,66.0,54.0,60.0
1997-01-13,67.0,58.0,62.0
1997-01-15,69.0,60.0,63.0
1997-01-16,71.0,60.0,65.0
1997-01-17,71.0,62.0,65.0
1997-01-18,74.0,62.0,66.0
1997-01-20,72.0,62.0,66.0
1997-01-21,73.0,63.0,67.0
1997-01-24,57.0,49.0,52.0
1997-01-25,54.0,49.0,52.0
1997-01-26,64.0,52.0,58.0
1997-01-27,67.0,53.0,59.0
1997-01-28,70.0,54.0,61.0
1997-01-29,71.0,57.0,64.0
1997-01-30,73.0,62.0,66.0
1997-02-01,66.0,62.0,63.0
1997-02-06,60.0,55.0,58.0
1997-02-07,64.0,54.0,58.0
1997-02-08,62.0,54.0,59.0
1997-02-09,62.0,56.0,60.0
1997-02-11,63.0,55.0,58.0
1997-02-12,59.0,54.0,56.0
1997-02-13,59.0,54.0,57.0
1997-02-14,59.0,56.0,57.0
1997-02-16,58.0,54.0,55.0
1997-02-18,61.0,51.0,56.0
1997-02-19,65.0,54.0,59.0
1997-02-20,67.0,55.0,61.0
1997-02-21,71.0,57.0,63.0
1997-02-23,67.0,58.0,62.0
1997-02-24,72.0,59.0,66.0
1997-02-25,76.0,62.0,69.0
1997-02-27,74.0,63.0,67.0
1997-02-28,78.0,62.0,69.0
1997-03-03,67.0,56.0,60.0
1997-03-04,69.0,56.0,63.0
1997-03-05,71.0,60.0,65.0
1997-03-06,78.0,62.0,69.0
1997-03-07,78.0,64.0,70.0
1997-03-08,79.0,65.0,71.0
1997-03-09,72.0,65.0,67.0
1997-03-10,79.0,65.0,71.0
1997-03-11,79.0,67.0,71.0
1997-03-12,77.0,67.0,71.0
1997-03-13,80.0,69.0,72.0
1997-03-14,79.0,70.0,73.0
1997-03-15,81.0,70.0,74.0
1997-03-17,67.0,63.0,64.0
1997-03-18,67.0,63.0,65.0
1997-03-21,69.0,61.0,67.0
1997-03-23,63.0,59.0,62.0
1997-03-24,65.0,60.0,62.0
1997-03-25,69.0,60.0,66.0
1997-03-26,79.0,65.0,71.0
1997-03-27,71.0,64.0,66.0
1997-03-28,69.0,63.0,66.0
1997-03-29,74.0,65.0,68.0
1997-03-31,75.0,65.0,68.0
1997-04-01,70.0,64.0,68.0
1997-04-02,78.0,68.0,72.0
1997-04-03,79.0,70.0,74.0
1997-04-04,71.0,67.0,69.0
1997-04-07,70.0,66.0,69.0
1997-04-08,77.0,68.0,73.0
1997-04-11,80.0,67.0,71.0
1997-04-12,77.0,68.0,72.0
1997-04-13,75.0,69.0,72.0
1997-04-14,79.0,70.0,74.0
1997-04-17,75.0,69.0,71.0
1997-04-18,80.0,70.0,74.0
1997-04-20,76.0,69.0,72.0
1997-04-21,81.0,71.0,76.0
1997-04-26,76.0,66.0,71.0
1997-04-27,78.0,69.0,73.0
1997-04-28,85.0,69.0,77.0
1997-05-01,83.0,74.0,78.0
1997-05-02,86.0,76.0,80.0
1997-05-04,80.0,71.0,74.0
1997-05-05,78.0,72.0,76.0
1997-05-07,79.0,73.0,75.0
1997-05-10,76.0,71.0,73.0
1997-05-11,86.0,73.0,81.0
1997-05-12,85.0,79.0,81.0
1997-05-14,88.0,79.0,82.0
1997-05-15,89.0,77.0,83.0
1997-05-17,83.0,75.0,80.0
1997-05-18,87.0,76.0,82.0
1997-05-20,86.0,76.0,79.0
1997-05-22,74.0,71.0,73.0
1997-05-24,78.0,69.0,74.0
1997-05-26,84.0,72.0,77.0
1997-05-27,83.0,72.0,78.0
1997-05-28,83.0,72.0,78.0
1997-05-29,83.0,75.0,79.0
1997-05-30,84.0,76.0,79.0
1997-05-31,86.0,77.0,80.0
1997-06-01,86.0,77.0,81.0
1997-06-03,87.0,76.0,82.0
1997-06-04,86.0,75.0,81.0
1997-06-05,87.0,81.0,83.0
1997-06-06,87.0,80.0,84.0
1997-06-08,88.0,82.0,84.0
1997-06-09,88.0,82.0,84.0
1997-06-11,82.0,77.0,79.0
1997-06-12,85.0,78.0,80.0
1997-06-13,80.0,74.0,76.0
1997-06-15,77.0,73.0,75.0
1997-06-16,75.0,73.0,74.0
1997-06-17,76.0,72.0,74.0
1997-06-18,78.0,71.0,75.0
1997-06-19,83.0,75.0,78.0
1997-06-20,86.0,77.0,81.0
1997-06-21,88.0,78.0,81.0
1997-06-22,80.0,77.0,79.0
1997-06-23,88.0,77.0,83.0
1997-06-24,86.0,77.0,80.0
1997-06-25,89.0,77.0,83.0
1997-06-27,87.0,79.0,82.0
1997-06-28,89.0,79.0,82.0
1997-06-29,89.0,78.0,83.0
1997-06-30,87.0,78.0,81.0
1997-07-01,81.0,75.0,78.0
1997-07-02,81.0,57.0,78.0
1997-07-05,84.0,81.0,82.0
1997-07-07,86.0,78.0,83.0
1997-07-10,84.0,77.0,81.0
1997-07-11,85.0,77.0,82.0
1997-07-12,90.0,80.0,83.0
1997-07-14,88.0,79.0,83.0
1997-07-16,85.0,76.0,79.0
1997-07-17,81.0,77.0,79.0
1997-07-18,81.0,75.0,79.0
1997-07-19,79.0,68.0,77.0
1997-07-20,86.0,76.0,80.0
1997-07-21,88.0,78.0,82.0
1997-07-23,89.0,78.0,83.0
1997-07-24,87.0,79.0,82.0
1997-07-25,85.0,80.0,82.0
1997-07-26,89.0,80.0,84.0
1997-07-27,89.0,80.0,84.0
1997-07-28,90.0,81.0,84.0
1997-07-29,90.0,81.0,84.0
1997-07-30,90.0,81.0,86.0
1997-07-31,88.0,81.0,84.0
1997-08-03,83.0,76.0,81.0
1997-08-04,87.0,81.0,83.0
1997-08-05,90.0,81.0,85.0
1997-08-06,90.0,80.0,85.0
1997-08-08,83.0,74.0,80.0
1997-08-09,85.0,80.0,83.0
1997-08-11,88.0,76.0,83.0
1997-08-12,84.0,72.0,81.0
1997-08-13,82.0,78.0,80.0
1997-08-14,85.0,77.0,81.0
1997-08-15,90.0,80.0,84.0
1997-08-17,88.0,78.0,83.0
1997-08-18,92.0,79.0,86.0
1997-08-19,90.0,81.0,86.0
1997-08-22,81.0,72.0,79.0
1997-08-24,85.0,76.0,80.0
1997-08-25,87.0,77.0,81.0
1997-08-26,87.0,78.0,81.0
1997-08-27,86.0,76.0,81.0
1997-08-28,90.0,79.0,84.0
1997-08-29,92.0,80.0,87.0
1997-09-01,90.0,82.0,85.0
1997-09-04,85.0,76.0,81.0
1997-09-05,88.0,78.0,83.0
1997-09-08,84.0,75.0,79.0
1997-09-09,89.0,76.0,81.0
1997-09-10,88.0,78.0,82.0
1997-09-11,88.0,78.0,82.0
1997-09-12,89.0,78.0,83.0
1997-09-14,88.0,74.0,81.0
1997-09-15,86.0,77.0,81.0
1997-09-17,87.0,75.0,80.0
1997-09-18,84.0,74.0,79.0
1997-09-19,83.0,75.0,80.0
1997-09-22,78.0,66.0,75.0
1997-09-23,79.0,75.0,77.0
1997-09-25,86.0,74.0,79.0
1997-09-29,72.0,66.0,70.0
1997-09-30,74.0,70.0,73.0
1997-10-01,83.0,72.0,78.0
1997-10-02,84.0,76.0,78.0
1997-10-03,80.0,75.0,78.0
1997-10-04,87.0,77.0,81.0
1997-10-06,84.0,74.0,78.0
1997-10-07,85.0,76.0,79.0
1997-10-09,82.0,74.0,77.0
1997-10-10,85.0,74.0,80.0
1997-10-11,86.0,78.0,80.0
1997-10-13,84.0,75.0,78.0
1997-10-14,85.0,75.0,79.0
1997-10-15,87.0,75.0,80.0
1997-10-16,87.0,76.0,80.0
1997-10-18,82.0,73.0,78.0
1997-10-20,85.0,75.0,81.0
1997-10-21,88.0,77.0,82.0
1997-10-22,87.0,77.0,81.0
1997-10-24,84.0,76.0,79.0
1997-10-28,72.0,65.0,69.0
1997-10-29,79.0,67.0,73.0
1997-11-01,75.0,63.0,69.0
1997-11-02,78.0,64.0,71.0
1997-11-03,79.0,68.0,73.0
1997-11-06,74.0,63.0,69.0
1997-11-07,78.0,65.0,71.0
1997-11-08,78.0,68.0,72.0
1997-11-09,77.0,68.0,72.0
1997-11-10,80.0,69.0,74.0
1997-11-11,82.0,71.0,75.0
1997-11-13,86.0,71.0,78.0
1997-11-14,86.0,72.0,77.0
1997-11-15,87.0,72.0,77.0
1997-11-18,70.0,58.0,64.0
1997-11-19,74.0,62.0,68.0
1997-11-20,78.0,67.0,71.0
1997-11-21,83.0,69.0,75.0
1997-11-22,82.0,71.0,76.0
1997-11-23,73.0,61.0,71.0
1997-11-24,76.0,70.0,74.0
1997-11-25,82.0,74.0,78.0
1997-11-26,83.0,76.0,78.0
1997-11-30,73.0,67.0,70.0
1997-12-03,63.0,58.0,60.0
1997-12-05,71.0,65.0,69.0
1997-12-06,78.0,70.0,73.0
1997-12-10,64.0,52.0,58.0
1997-12-11,63.0,54.0,58.0
1997-12-13,65.0,56.0,60.0
1997-12-14,69.0,58.0,64.0
1997-12-15,74.0,60.0,67.0
1997-12-17,79.0,64.0,71.0
1997-12-21,69.0,64.0,68.0
1997-12-24,64.0,54.0,61.0
1997-12-25,71.0,61.0,65.0
1997-12-26,70.0,64.0,66.0
1997-12-27,71.0,64.0,67.0
1997-12-29,74.0,63.0,68.0
1997-12-30,79.0,64.0,70.0
1997-12-31,72.0,66.0,67.0
1998-01-01,80.0,65.0,70.0
1998-01-02,73.0,65.0,68.0
1998-01-03,72.0,66.0,69.0
1998-01-05,65.0,57.0,61.0
1998-01-06,68.0,60.0,64.0
1998-01-07,71.0,63.0,66.0
1998-01-10,77.0,66.0,70.0
1998-01-12,66.0,60.0,65.0
1998-01-13,71.0,63.0,67.0
1998-01-15,62.0,54.0,56.0
1998-01-16,63.0,54.0,60.0
1998-01-18,61.0,48.0,53.0
1998-01-20,58.0,53.0,55.0
1998-01-25,53.0,49.0,51.0
1998-01-27,60.0,56.0,58.0
1998-01-29,58.0,53.0,56.0
1998-02-01,72.0,60.0,64.0
1998-02-02,67.0,59.0,63.0
1998-02-06,51.0,46.0,49.0
1998-02-07,63.0,48.0,56.0
1998-02-08,64.0,52.0,60.0
1998-02-10,73.0,60.0,65.0
1998-02-11,69.0,60.0,64.0
1998-02-12,80.0,63.0,70.0
1998-02-13,76.0,67.0,70.0
1998-02-16,73.0,61.0,69.0
1998-02-19,78.0,63.0,75.0
1998-02-23,61.0,55.0,58.0
1998-02-24,62.0,56.0,59.0
1998-02-25,67.0,56.0,60.0
1998-02-27,61.0,56.0,58.0
1998-02-28,59.0,56.0,58.0
1998-03-01,60.0,56.0,58.0
1998-03-03,67.0,60.0,63.0
1998-03-05,72.0,61.0,65.0
1998-03-06,65.0,60.0,63.0
1998-03-07,67.0,63.0,65.0
1998-03-11,60.0,53.0,57.0
1998-03-12,61.0,53.0,58.0
1998-03-13,69.0,56.0,63.0
1998-03-16,69.0,54.0,64.0
1998-03-19,80.0,64.0,73.0
1998-03-22,61.0,54.0,58.0
1998-03-23,71.0,58.0,64.0
1998-03-24,72.0,60.0,67.0
1998-03-25,74.0,64.0,69.0
1998-03-26,73.0,65.0,69.0
1998-03-27,81.0,67.0,74.0
1998-03-28,79.0,69.0,73.0
1998-03-29,79.0,68.0,72.0
1998-03-30,80.0,68.0,71.0
1998-03-31,81.0,68.0,74.0
1998-04-01,81.0,69.0,75.0
1998-04-03,73.0,65.0,68.0
1998-04-04,76.0,66.0,71.0
1998-04-05,83.0,68.0,75.0
1998-04-07,83.0,69.0,76.0
1998-04-08,84.0,71.0,77.0
1998-04-09,82.0,73.0,78.0
1998-04-10,84.0,74.0,78.0
1998-04-11,83.0,74.0,79.0
1998-04-13,80.0,72.0,75.0
1998-04-16,81.0,69.0,74.0
1998-04-17,87.0,69.0,79.0
1998-04-18,85.0,73.0,78.0
1998-04-20,78.0,67.0,72.0
1998-04-21,81.0,71.0,75.0
1998-04-22,83.0,74.0,80.0
1998-04-23,85.0,78.0,81.0
1998-04-25,81.0,76.0,79.0
1998-04-27,74.0,70.0,72.0
1998-04-28,80.0,71.0,76.0
1998-04-29,82.0,73.0,77.0
1998-04-30,82.0,74.0,77.0
1998-05-01,85.0,76.0,81.0
1998-05-03,78.0,70.0,76.0
1998-05-04,81.0,74.0,76.0
1998-05-05,82.0,75.0,78.0
1998-05-06,86.0,74.0,79.0
1998-05-07,86.0,76.0,80.0
1998-05-08,86.0,77.0,81.0
1998-05-10,86.0,77.0,81.0
1998-05-11,89.0,78.0,82.0
1998-05-12,87.0,78.0,82.0
1998-05-13,88.0,78.0,82.0
1998-05-16,86.0,76.0,81.0
1998-05-18,86.0,77.0,81.0
1998-05-20,84.0,76.0,80.0
1998-05-22,85.0,76.0,80.0
1998-05-24,79.0,51.0,73.0
1998-05-25,76.0,51.0,71.0
1998-05-26,80.0,69.0,76.0
1998-05-28,86.0,74.0,81.0
1998-06-01,86.0,77.0,82.0
1998-06-02,85.0,79.0,82.0
1998-06-04,83.0,76.0,79.0
1998-06-07,77.0,69.0,74.0
1998-06-08,83.0,72.0,78.0
1998-06-11,84.0,76.0,81.0
1998-06-12,87.0,81.0,83.0
1998-06-13,88.0,81.0,84.0
1998-06-14,89.0,82.0,85.0
1998-06-15,88.0,82.0,85.0
1998-06-16,89.0,83.0,85.0
1998-06-17,89.0,83.0,85.0
1998-06-18,87.0,82.0,85.0
1998-06-20,87.0,82.0,85.0
1998-06-23,85.0,76.0,80.0
1998-06-24,86.0,78.0,84.0
1998-06-27,80.0,77.0,78.0
1998-06-28,87.0,77.0,83.0
1998-06-29,89.0,79.0,83.0
1998-06-30,89.0,79.0,84.0
1998-07-02,84.0,76.0,79.0
1998-07-05,85.0,74.0,79.0
1998-07-07,86.0,76.0,81.0
1998-07-08,87.0,77.0,81.0
1998-07-09,87.0,79.0,82.0
1998-07-10,90.0,79.0,85.0
1998-07-11,89.0,81.0,85.0
1998-07-13,85.0,74.0,80.0
1998-07-14,90.0,77.0,85.0
1998-07-15,90.0,82.0,85.0
1998-07-16,90.0,82.0,85.0
1998-07-17,89.0,82.0,86.0
1998-07-18,89.0,83.0,86.0
1998-07-19,89.0,83.0,85.0
1998-07-21,89.0,82.0,86.0
1998-07-22,89.0,83.0,86.0
1998-07-23,90.0,83.0,86.0
1998-07-24,90.0,83.0,86.0
1998-07-25,90.0,84.0,86.0
1998-07-27,92.0,82.0,86.0
1998-07-28,92.0,82.0,86.0
1998-07-29,91.0,82.0,86.0
1998-07-30,92.0,78.0,86.0
1998-07-31,91.0,81.0,86.0
1998-08-01,92.0,83.0,87.0
1998-08-02,93.0,83.0,87.0
1998-08-04,92.0,83.0,87.0
1998-08-05,91.0,83.0,87.0
1998-08-07,87.0,77.0,81.0
1998-08-08,90.0,79.0,84.0
1998-08-10,84.0,77.0,80.0
1998-08-12,89.0,76.0,84.0
1998-08-13,89.0,80.0,85.0
1998-08-14,90.0,81.0,86.0
1998-08-17,92.0,81.0,85.0
1998-08-19,88.0,79.0,83.0
1998-08-20,92.0,79.0,86.0
1998-08-22,87.0,79.0,82.0
1998-08-23,87.0,78.0,83.0
1998-08-24,90.0,80.0,85.0
1998-08-25,90.0,81.0,85.0
1998-08-26,91.0,83.0,85.0
1998-08-29,91.0,80.0,86.0
1998-08-31,87.0,77.0,80.0
1998-09-01,82.0,52.0,78.0
1998-09-02,86.0,78.0,80.0
1998-09-03,87.0,78.0,82.0
1998-09-04,87.0,80.0,81.0
1998-09-06,86.0,76.0,79.0
1998-09-07,84.0,78.0,81.0
1998-09-08,86.0,80.0,83.0
1998-09-10,80.0,76.0,79.0
1998-09-12,81.0,58.0,78.0
1998-09-13,82.0,77.0,79.0
1998-09-14,85.0,76.0,81.0
1998-09-15,89.0,80.0,83.0
1998-09-16,88.0,80.0,83.0
1998-09-19,88.0,76.0,82.0
1998-09-22,89.0,77.0,82.0
1998-09-23,87.0,79.0,81.0
1998-09-25,86.0,77.0,81.0
1998-09-26,87.0,77.0,81.0
1998-09-30,87.0,74.0,80.0
1998-10-01,87.0,76.0,81.0
1998-10-02,86.0,76.0,80.0
1998-10-03,87.0,76.0,81.0
1998-10-04,80.0,76.0,77.0
1998-10-05,79.0,70.0,78.0
1998-10-07,85.0,77.0,81.0
1998-10-10,78.0,60.0,76.0
1998-10-11,80.0,76.0,79.0
1998-10-12,87.0,78.0,81.0
1998-10-13,88.0,78.0,82.0
1998-10-15,85.0,75.0,81.0
1998-10-18,83.0,72.0,77.0
1998-10-19,82.0,74.0,77.0
1998-10-21,82.0,72.0,75.0
1998-10-22,83.0,71.0,76.0
1998-10-23,85.0,72.0,78.0
1998-10-24,84.0,73.0,78.0
1998-10-26,75.0,70.0,73.0
1998-10-27,79.0,70.0,75.0
1998-10-28,81.0,70.0,75.0
1998-10-29,83.0,71.0,76.0
1998-10-31,80.0,71.0,76.0
1998-11-01,82.0,73.0,77.0
1998-11-03,80.0,69.0,73.0
1998-11-04,83.0,70.0,76.0
1998-11-07,80.0,68.0,73.0
1998-11-09,82.0,67.0,75.0
1998-11-10,79.0,68.0,72.0
1998-11-11,78.0,67.0,71.0
1998-11-12,78.0,66.0,71.0
1998-11-13,82.0,67.0,72.0
1998-11-14,81.0,69.0,74.0
1998-11-15,80.0,72.0,76.0
1998-11-19,78.0,67.0,72.0
1998-11-20,76.0,68.0,71.0
1998-11-22,78.0,66.0,71.0
1998-11-23,79.0,66.0,71.0
1998-11-24,79.0,66.0,72.0
1998-11-26,70.0,64.0,68.0
1998-11-28,70.0,65.0,68.0
1998-11-29,73.0,68.0,70.0
1998-11-30,79.0,69.0,73.0
1998-12-04,67.0,58.0,62.0
1998-12-05,72.0,60.0,65.0
1998-12-09,66.0,55.0,61.0
1998-12-10,69.0,57.0,62.0
1998-12-11,67.0,56.0,60.0
1998-12-12,68.0,56.0,62.0
1998-12-15,63.0,57.0,61.0
1998-12-16,71.0,59.0,65.0
1998-12-17,74.0,60.0,67.0
1998-12-20,70.0,67.0,68.0
1998-12-21,79.0,67.0,70.0
1998-12-22,81.0,66.0,71.0
1998-12-25,72.0,60.0,65.0
1998-12-27,74.0,60.0,66.0
1998-12-28,73.0,62.0,65.0
1998-12-29,73.0,62.0,65.0
1998-12-30,71.0,62.0,65.0
1998-12-31,75.0,62.0,67.0
1999-01-02,69.0,57.0,63.0
1999-01-03,69.0,56.0,62.0
1999-01-04,73.0,57.0,62.0
1999-01-05,70.0,56.0,61.0
1999-01-06,72.0,56.0,64.0
1999-01-08,66.0,54.0,59.0
1999-01-09,63.0,56.0,60.0
1999-01-12,51.0,49.0,49.0
1999-01-15,56.0,49.0,51.0
1999-01-16,59.0,49.0,56.0
1999-01-17,64.0,55.0,59.0
1999-01-18,67.0,55.0,62.0
1999-01-21,67.0,60.0,61.0
1999-01-22,72.0,59.0,66.0
1999-01-23,76.0,63.0,69.0
1999-01-24,80.0,65.0,71.0
1999-01-25,76.0,63.0,69.0
1999-01-26,69.0,62.0,65.0
1999-01-27,76.0,63.0,68.0
1999-01-30,67.0,61.0,64.0
1999-01-31,74.0,63.0,68.0
1999-02-01,80.0,67.0,72.0
1999-02-04,65.0,52.0,57.0
1999-02-05,64.0,53.0,59.0
1999-02-06,67.0,54.0,60.0
1999-02-07,74.0,57.0,64.0
1999-02-09,72.0,59.0,66.0
1999-02-10,76.0,64.0,69.0
1999-02-13,65.0,57.0,61.0
1999-02-14,69.0,58.0,63.0
1999-02-15,74.0,60.0,66.0
1999-02-16,77.0,63.0,68.0
1999-02-17,72.0,64.0,67.0
1999-02-21,61.0,53.0,58.0
1999-02-22,69.0,56.0,63.0
1999-02-23,74.0,60.0,65.0
1999-02-24,76.0,61.0,69.0
1999-02-25,70.0,64.0,68.0
1999-02-26,79.0,67.0,71.0
1999-02-28,72.0,62.0,65.0
1999-03-01,77.0,62.0,67.0
1999-03-02,75.0,63.0,68.0
1999-03-03,81.0,65.0,72.0
1999-03-04,78.0,65.0,71.0
1999-03-05,80.0,66.0,72.0
1999-03-06,79.0,67.0,72.0
1999-03-08,67.0,64.0,65.0
1999-03-09,70.0,64.0,67.0
1999-03-12,61.0,57.0,60.0
1999-03-14,65.0,62.0,63.0
1999-03-16,67.0,59.0,63.0
1999-03-18,82.0,68.0,78.0
1999-03-22,60.0,53.0,58.0
1999-03-25,79.0,67.0,74.0
1999-03-26,85.0,72.0,79.0
1999-03-28,70.0,64.0,67.0
1999-03-30,73.0,59.0,66.0
1999-03-31,75.0,62.0,70.0
1999-04-01,80.0,67.0,74.0
1999-04-04,74.0,66.0,69.0
1999-04-05,76.0,66.0,71.0
1999-04-06,81.0,65.0,74.0
1999-04-07,81.0,68.0,74.0
1999-04-09,83.0,71.0,76.0
1999-04-11,76.0,71.0,73.0
1999-04-12,81.0,71.0,76.0
1999-04-14,73.0,68.0,71.0
1999-04-15,77.0,68.0,73.0
1999-04-16,82.0,73.0,78.0
1999-04-17,85.0,76.0,81.0
1999-04-21,81.0,70.0,75.0
1999-04-22,86.0,71.0,79.0
1999-04-23,88.0,76.0,81.0
1999-04-30,73.0,63.0,71.0
1999-05-01,76.0,69.0,73.0
1999-05-03,83.0,71.0,78.0
1999-05-04,85.0,74.0,80.0
1999-05-07,75.0,61.0,71.0
1999-05-09,69.0,64.0,67.0
1999-05-10,81.0,66.0,74.0
1999-05-11,82.0,69.0,76.0
1999-05-13,82.0,72.0,77.0
1999-05-15,83.0,75.0,78.0
1999-05-16,85.0,76.0,81.0
1999-05-17,87.0,72.0,83.0
1999-05-19,80.0,73.0,75.0
1999-05-20,78.0,74.0,76.0
1999-05-21,77.0,74.0,75.0
1999-05-22,83.0,74.0,78.0
1999-05-23,86.0,76.0,82.0
1999-05-25,86.0,78.0,82.0
1999-05-29,76.0,69.0,74.0
1999-05-30,84.0,73.0,78.0
1999-05-31,86.0,74.0,80.0
1999-06-01,87.0,77.0,81.0
1999-06-02,90.0,78.0,84.0
1999-06-03,90.0,69.0,84.0
1999-06-04,89.0,79.0,83.0
1999-06-08,85.0,77.0,82.0
1999-06-10,89.0,79.0,83.0
1999-06-11,89.0,80.0,84.0
1999-06-12,89.0,81.0,84.0
1999-06-13,89.0,81.0,84.0
1999-06-14,89.0,74.0,85.0
1999-06-15,88.0,81.0,84.0
1999-06-16,89.0,80.0,84.0
1999-06-17,85.0,78.0,81.0
1999-06-18,87.0,80.0,83.0
1999-06-21,86.0,77.0,81.0
1999-06-22,86.0,78.0,83.0
1999-06-25,88.0,80.0,84.0
1999-06-27,89.0,81.0,84.0
1999-06-28,89.0,80.0,84.0
1999-06-29,89.0,79.0,84.0
1999-06-30,88.0,77.0,83.0
1999-07-01,89.0,81.0,84.0
1999-07-02,89.0,78.0,84.0
1999-07-03,88.0,78.0,82.0
1999-07-06,85.0,77.0,80.0
1999-07-07,84.0,77.0,82.0
1999-07-10,87.0,81.0,84.0
1999-07-11,89.0,82.0,84.0
1999-07-13,89.0,77.0,84.0
1999-07-14,90.0,79.0,85.0
1999-07-16,89.0,80.0,85.0
1999-07-17,89.0,82.0,85.0
1999-07-18,87.0,82.0,84.0
1999-07-19,89.0,82.0,85.0
1999-07-20,91.0,82.0,85.0
1999-07-22,90.0,81.0,85.0
1999-07-23,90.0,82.0,85.0
1999-07-24,93.0,81.0,86.0
1999-07-27,85.0,78.0,82.0
1999-07-28,90.0,80.0,85.0
1999-07-29,91.0,81.0,85.0
1999-07-30,90.0,81.0,85.0
1999-08-01,90.0,80.0,85.0
1999-08-02,89.0,82.0,85.0
1999-08-06,88.0,76.0,84.0
1999-08-07,89.0,82.0,85.0
1999-08-08,89.0,79.0,84.0
1999-08-10,88.0,76.0,81.0
1999-08-11,85.0,78.0,80.0
1999-08-13,81.0,72.0,80.0
1999-08-14,86.0,78.0,82.0
1999-08-15,89.0,79.0,84.0
1999-08-16,89.0,80.0,84.0
1999-08-18,90.0,80.0,84.0
1999-08-19,91.0,80.0,85.0
1999-08-20,92.0,81.0,87.0
1999-08-22,82.0,67.0,77.0
1999-08-23,77.0,73.0,75.0
1999-08-24,80.0,74.0,77.0
1999-08-25,80.0,69.0,76.0
1999-08-26,88.0,75.0,81.0
1999-08-27,88.0,78.0,81.0
1999-08-28,85.0,77.0,79.0
1999-08-29,84.0,77.0,80.0
1999-08-31,87.0,78.0,82.0
1999-09-01,89.0,79.0,81.0
1999-09-02,89.0,79.0,83.0
1999-09-03,90.0,80.0,84.0
1999-09-04,87.0,80.0,83.0
1999-09-05,85.0,79.0,82.0
1999-09-06,90.0,79.0,84.0
1999-09-07,89.0,78.0,83.0
1999-09-08,89.0,78.0,83.0
1999-09-09,86.0,79.0,82.0
1999-09-10,89.0,80.0,84.0
1999-09-11,91.0,79.0,85.0
1999-09-12,90.0,81.0,85.0
1999-09-17,84.0,72.0,81.0
1999-09-18,88.0,80.0,82.0
1999-09-19,88.0,79.0,81.0
1999-09-23,86.0,72.0,79.0
1999-09-24,85.0,74.0,79.0
1999-09-27,88.0,74.0,80.0
1999-09-28,84.0,76.0,79.0
1999-09-30,87.0,77.0,81.0
1999-10-02,89.0,78.0,83.0
1999-10-05,85.0,75.0,80.0
1999-10-06,87.0,76.0,82.0
1999-10-07,89.0,77.0,82.0
1999-10-08,86.0,76.0,81.0
1999-10-09,86.0,77.0,81.0
1999-10-10,89.0,78.0,82.0
1999-10-11,90.0,79.0,82.0
1999-10-13,88.0,78.0,81.0
1999-10-14,88.0,78.0,81.0
1999-10-15,88.0,78.0,82.0
1999-10-18,75.0,67.0,73.0
1999-10-19,78.0,72.0,74.0
1999-10-20,82.0,72.0,77.0
1999-10-21,82.0,74.0,76.0
1999-10-22,83.0,74.0,77.0
1999-10-24,82.0,72.0,75.0
1999-10-25,81.0,72.0,76.0
1999-10-26,83.0,73.0,77.0
1999-10-27,81.0,73.0,76.0
1999-10-29,84.0,73.0,77.0
1999-10-30,77.0,74.0,76.0
1999-10-31,83.0,74.0,77.0
1999-11-02,73.0,64.0,68.0
1999-11-03,76.0,63.0,71.0
1999-11-04,78.0,67.0,73.0
1999-11-05,80.0,71.0,75.0
1999-11-06,81.0,72.0,75.0
1999-11-07,81.0,73.0,75.0
1999-11-09,77.0,71.0,73.0
1999-11-10,77.0,71.0,73.0
1999-11-11,79.0,71.0,74.0
1999-11-13,76.0,70.0,72.0
1999-11-16,74.0,64.0,69.0
1999-11-18,73.0,60.0,67.0
1999-11-19,78.0,64.0,70.0
1999-11-20,78.0,66.0,71.0
1999-11-21,79.0,66.0,72.0
1999-11-23,83.0,67.0,73.0
1999-11-25,83.0,67.0,74.0
1999-11-29,66.0,54.0,61.0
1999-11-30,72.0,58.0,66.0
1999-12-01,77.0,63.0,69.0
1999-12-02,73.0,63.0,67.0
1999-12-06,65.0,57.0,60.0
1999-12-08,71.0,57.0,64.0
1999-12-09,73.0,59.0,65.0
1999-12-10,75.0,60.0,66.0
1999-12-11,77.0,63.0,68.0
1999-12-12,69.0,65.0,67.0
1999-12-15,75.0,62.0,67.0
1999-12-24,63.0,47.0,55.0
1999-12-25,66.0,49.0,56.0
1999-12-26,67.0,50.0,60.0
1999-12-27,64.0,58.0,61.0
1999-12-29,70.0,58.0,63.0
1999-12-30,77.0,58.0,66.0
1999-12-31,73.0,60.0,65.0
2000-01-01,76.0,61.0,66.0
2000-01-02,79.0,62.0,69.0
2000-01-03,72.0,62.0,66.0
2000-01-04,70.0,62.0,65.0
2000-01-05,78.0,63.0,70.0
2000-01-08,71.0,60.0,65.0
2000-01-09,74.0,63.0,66.0
2000-01-10,73.0,64.0,67.0
2000-01-11,70.0,63.0,67.0
2000-01-15,71.0,62.0,65.0
2000-01-16,72.0,62.0,66.0
2000-01-19,60.0,47.0,54.0
2000-01-20,62.0,52.0,57.0
2000-01-22,67.0,60.0,64.0
2000-01-23,67.0,62.0,65.0
2000-01-27,55.0,43.0,50.0
2000-01-28,61.0,47.0,55.0
2000-01-30,64.0,51.0,57.0
2000-02-01,56.0,45.0,50.0
2000-02-02,59.0,48.0,56.0
2000-02-03,67.0,55.0,61.0
2000-02-04,68.0,32.0,61.0
2000-02-06,68.0,55.0,61.0
2000-02-08,64.0,52.0,57.0
2000-02-09,63.0,54.0,58.0
2000-02-10,65.0,55.0,61.0
2000-02-12,69.0,57.0,63.0
2000-02-14,71.0,59.0,65.0
2000-02-16,65.0,57.0,60.0
2000-02-17,63.0,58.0,60.0
2000-02-18,65.0,58.0,62.0
2000-02-19,72.0,61.0,69.0
2000-02-22,60.0,55.0,58.0
2000-02-26,55.0,48.0,52.0
2000-02-28,57.0,50.0,53.0
2000-03-01,58.0,51.0,55.0
2000-03-02,63.0,55.0,59.0
2000-03-03,69.0,58.0,64.0
2000-03-04,78.0,61.0,69.0
2000-03-09,65.0,57.0,61.0
2000-03-10,67.0,58.0,62.0
2000-03-11,67.0,60.0,64.0
2000-03-13,65.0,58.0,62.0
2000-03-14,68.0,61.0,65.0
2000-03-15,74.0,62.0,69.0
2000-03-18,68.0,59.0,66.0
2000-03-20,72.0,63.0,66.0
2000-03-21,74.0,63.0,70.0
2000-03-22,80.0,67.0,72.0
2000-03-25,72.0,63.0,67.0
2000-03-27,75.0,62.0,69.0
2000-03-28,82.0,65.0,74.0
2000-03-30,77.0,64.0,71.0
2000-03-31,78.0,68.0,73.0
